Lux,Accuracy,Num_Of_Particles
38.82859341911672,76,141
505.3903788173187,13,767
6.338902469701128,23,29
